title,content
100days of coode - 1강
100days of coode - 2강
100days of coode - 3강
100days of coode - 4강
100days of coode - 5강
100days of coode - 6강
100days of coode - 7강
100days of coode - 8강
100days of coode - 9강
100days of coode - 10강
100days of coode - 11강
100days of coode - 12강
100days of coode - 13강
100days of coode - 14강
100days of coode - 15강
100days of coode - 16강
100days of coode - 17강
100days of coode - 18강
100days of coode - 19강
100days of coode - 20강
100days of coode - 21강
100days of coode - 22강
100days of coode - 23강
100days of coode - 24강
100days of coode - 25강
100days of coode - 26강
100days of coode - 27강
100days of coode - 28강
100days of coode - 29강
100days of coode - 30강
100days of coode - 31강
100days of coode - 32강
100days of coode - 33강
100days of coode - 34강
100days of coode - 35강
100days of coode - 36강
100days of coode - 37강
100days of coode - 38강
100days of coode - 39강
100days of coode - 40강
100days of coode - 41강
100days of coode - 42강
100days of coode - 43강
100days of coode - 44강
100days of coode - 45강
100days of coode - 46강
100days of coode - 47강
100days of coode - 48강
100days of coode - 49강
100days of coode - 50강
100days of coode - 51강
100days of coode - 52강
100days of coode - 53강
100days of coode - 54강
100days of coode - 55강
100days of coode - 56강
100days of coode - 57강
100days of coode - 58강
100days of coode - 59강
100days of coode - 60강
100days of coode - 61강
100days of coode - 62강
100days of coode - 63강
100days of coode - 64강
100days of coode - 65강
100days of coode - 66강
100days of coode - 67강
100days of coode - 68강
100days of coode - 69강
100days of coode - 70강
100days of coode - 71강
100days of coode - 72강
100days of coode - 73강
100days of coode - 74강
100days of coode - 75강
100days of coode - 76강
100days of coode - 77강
100days of coode - 78강
100days of coode - 79강
100days of coode - 80강
100days of coode - 81강
100days of coode - 82강
100days of coode - 83강
100days of coode - 84강
100days of coode - 85강
100days of coode - 86강
100days of coode - 87강
100days of coode - 88강
100days of coode - 89강
100days of coode - 90강
100days of coode - 91강
100days of coode - 92강
100days of coode - 93강
100days of coode - 94강
100days of coode - 95강
100days of coode - 96강
100days of coode - 97강
100days of coode - 98강
100days of coode - 99강
100days of coode - 100강